{"t_pick": [0.5571096188007364, 0.16528509628718466, 0.46108681852340266, 0.39710131561674084, 179.49770306118722, 18.233124554065693], "t_prepick": [0.5397469873327341, 0.02542943635159567, 0.3144541516890686, 179.16340053842453, 0.44584854024171416, 178.9294426598851], "j_detect": [4.539805010330878e-05, -14.999969734634254, -90.00013619415624, 5.438776299505309e-05, -74.99996374149627, -5.438776299505309e-05], "j_pre_entry": [-21.309890116543244, -29.958400253423978, -84.92104774664816, -0.19492574257427028, -66.16309439782304, 69.65152551632576], "t_entry": [0.3957395589871438, 0.10188531496211345, 0.4071773508999492, 2.536804027126256, -175.9546966034077, 0.01695406757047043], "j_home": [-68.86702608471528, -25.192240565278002, -103.45902371998356, -1.1459501663057685, -55.78357054455813, 49.69301129332011], "t_place1": [0.4318104197024063, 0.2786032223113445, 0.2015476029427117, 0.013037626531245454, -179.97632760054617, 32.54223721789303], "t_place2": [0.4317818478244144, 0.27860910868136823, 0.02744010449093737, -0.0022710661645639857, -179.99635598371248, 32.530740438614124], "t_place2_rec": [0.5323840912749394, 0.2770508921473028, 0.02955450779803703, -0.8718057846815201, -179.401355775771, 59.87370293453565], "t_place1_rec": [0.5323642877531679, 0.2769401572179481, 0.18106994878022029, -0.8680539126406248, -179.35074994557723, 59.887283493521664], "t_place2_ssg": [0.33971121414947275, 0.5049843138720571, 0.39324634649499585, 0.6409933670499313, -179.30847759925112, 0.0038724871740548924], "t_place1_ssg": [0.3397561311820229, 0.1866364327911455, 0.3943817919730525, 0.521935954514749, -179.3947749054852, 0.03678165841957741], "j_pre_home": [28.69283881069404, -18.398649357568363, -92.42707055462903, 0.8188621596535193, -71.00507377398364, 27.43536316522458], "j_detect_home": [41.1779835598555, -6.6683379874746125, -101.55053509169058, 0.7615374574567333, -76.56600498917584, 40.8570121538548], "t_place_cam": [0.25660926638931264, -0.3763057999218489, 0.566891558207884, 177.3734476427531, 18.553239442943664, 176.6440100058277], "j_detect_home2": [-6.8031247982313365, 30.103946402055186, -86.32007945668182, 3.978954352955089, -103.69195617072157, -2.654231609684581], "t_offset": [0.03192169, -0.06097486899999999, 0.27863524559999997, 1.8124956199999929, -3.779885601, 0.28058405000000164], "j_detect_home1": [-7.179474633587766, 8.535332797973187, -27.213861134428445, 6.109377417234313, -140.20371238784958, 0.8412699180074812], "j_entry": [64.58385625161841, -29.728413731600615, -74.16302641561697, 2.64357160813755, -80.21928541731654, 64.00232296179259], "t_place": [0.5087561363783741, 0.2997635285632823, 0.025495213260025164, -178.90652442662008, -0.5953659302440215, 178.26598455191976], "pre_place": [0.5086691571013843, 0.299642341647726, 0.20698386762903975, -178.88124109521635, -0.6123151968834271, 178.26173564309912], "entry": [24.515809618738704, -32.671342329547606, -124.3434433109586, -2.610667011525543, -25.094187519339524, 27.02000381923136], "t_place_1": [0.5086714394902445, 0.300106468519732, 0.03641850438868262, -178.9460651782593, -0.5650269639316478, 178.35939535502766], "t_place_2": [0.5047322384696707, 0.28523291035957915, 0.042174647711428724, -179.95554685052915, -0.030761367589476913, 176.24768328601075], "t_place_3": [0.5037363837728053, 0.2628537963479239, 0.048248885343195314, 0.07431577671121616, -179.93690420388867, 0.32977627127982523]}